<?xml version="1.0" encoding="UTF-8"?>
<beans:beans xmlns="http://www.springframework.org/schema/mvc"
	xmlns:xsi="http://www.w3.org/2001/XMLSchema-instance"
	xmlns:beans="http://www.springframework.org/schema/beans"
	xmlns:context="http://www.springframework.org/schema/context"
	xsi:schemaLocation="http://www.springframework.org/schema/mvc https://www.springframework.org/schema/mvc/spring-mvc.xsd
		http://www.springframework.org/schema/beans https://www.springframework.org/schema/beans/spring-beans.xsd
		http://www.springframework.org/schema/context https://www.springframework.org/schema/context/spring-context.xsd">

	<!-- DispatcherServlet Context: defines this servlet's request-processing infrastructure -->
	
	<!-- Enables the Spring MVC @Controller programming model -->
	<annotation-driven />

	<!-- Handles HTTP GET requests for /resources/** by efficiently serving up static resources in the ${webappRoot}/resources directory -->
	<resources mapping="/resources/**" location="/resources/" />

	<!-- Resolves views selected for rendering by @Controllers to .jsp resources in the /WEB-INF/views directory -->
	<beans:bean class="org.springframework.web.servlet.view.InternalResourceViewResolver">
		<beans:property name="prefix" value="/WEB-INF/views/" />
		<beans:property name="suffix" value=".jsp" />
	</beans:bean>
	
	<context:component-scan base-package="com.kubg.controller" />
	
<!-- 업로드 패스 설정 -->	
	<beans:bean class="java.lang.String" id="uploadPath">
		<beans:constructor-arg value="D:\Camper\.metadata\.plugins\org.eclipse.wst.server.core\tmp0\wtpwebapps\kubg\resources" />
	</beans:bean>
	
	<!-- 일반 파일 업로드 경로 -->
	<resources mapping="/imgUpload/**" location="/resources/imgUpload/" />
	
	<beans:bean class="org.springframework.web.multipart.commons.CommonsMultipartResolver" id="multipartResolver">
		<beans:property name="maxUploadSize" value="10485760"/>
	</beans:bean>

	<!-- ck에디터 파일 업로드 경로 -->
	<resources mapping="/ckUpload/**" location="/resources/ckUpload/" />
	
	<!-- 대체 이미지 경로 -->
	<resources mapping="/images/**" location="/resources/images/" />

	<beans:bean id="AdminInterceptor" class="com.kubg.interceptor.AdminInterceptor" />
	
	<interceptors>
		<interceptor>
			<mapping path="/admin/**" />
			<beans:ref bean="AdminInterceptor" />
		</interceptor>
	</interceptors>
	
	

	
</beans:beans>
